{"train/total_loss": 0.18558871746063232, "train/iou_loss": 0.10278921574354172, "train/l1_loss": 0.01617933250963688, "train/conf_loss": 0.00836147740483284, "train/cls_loss": 0.05825868248939514, "train/lr": 0.001, "train/step": 89890, "_timestamp": 1681223923.9496138, "_runtime": 45624.012113809586, "_step": 8963, "val/COCOAP50": 1.0, "val/COCOAP50_95": 0.9998199752504969, "train/epoch": 100, "val_results/result_table": {"_type": "table-file", "sha256": "8befd300d6eb52dd64aa57b68a3c1eeaa5e69ed3f94fb25650da5ac75fd30c62", "size": 35080, "artifact_path": "wandb-client-artifact://z7ttualrq3xi8moddgn05vjj4s405xygxrare2sdx05ovn489lodycze27a5c1c1jhu72u85z7akk5ev18efyttme562k7df7z639pbprf304yv43dup76h2iipqh4md:latest/val_results/result_table.table.json", "_latest_artifact_path": "wandb-client-artifact://z7ttualrq3xi8moddgn05vjj4s405xygxrare2sdx05ovn489lodycze27a5c1c1jhu72u85z7akk5ev18efyttme562k7df7z639pbprf304yv43dup76h2iipqh4md:latest/val_results/result_table.table.json", "path": "media/table/val_results/result_table_8963_8befd300d6eb52dd64aa.table.json", "ncols": 75, "nrows": 100}, "_wandb": {"runtime": 45622}}