{"train/total_loss": 1.7597905397415161, "train/iou_loss": 0.9201985001564026, "train/conf_loss": 0.28858235478401184, "train/cls_loss": 0.5510096549987793, "train/lr": 0.01101372767601265, "train/step": 126019, "_timestamp": 1681347253.6792362, "_runtime": 63260.819538116455, "_step": 12531}