{"train/total_loss": 1.7582002878189087, "train/iou_loss": 1.0336227416992188, "train/l1_loss": 0.17348115146160126, "train/conf_loss": 0.20531387627124786, "train/cls_loss": 0.3457825481891632, "train/lr": 0.00025, "train/step": 12692, "_timestamp": 1681182564.7200973, "_runtime": 2532.0959012508392, "_step": 1263, "val/COCOAP50": 0.9797337127343991, "val/COCOAP50_95": 0.789504485585674, "train/epoch": 100, "val_results/result_table": {"_type": "table-file", "sha256": "062022888915205854131573ee338436ad6cb8b04cf7956e3889cfa422145d40", "size": 3505, "artifact_path": "wandb-client-artifact://6p2824o07hbixy20s2bjux59er85ifuc2kqfgego4ga1w2gtrv3gcduqeiwxjpxsa62aowjhztadmlf3b5sb6ymdzokkuhsmcmey6464kyjzxooyjoilbt9jnnlo8uhb:latest/val_results/result_table.table.json", "_latest_artifact_path": "wandb-client-artifact://6p2824o07hbixy20s2bjux59er85ifuc2kqfgego4ga1w2gtrv3gcduqeiwxjpxsa62aowjhztadmlf3b5sb6ymdzokkuhsmcmey6464kyjzxooyjoilbt9jnnlo8uhb:latest/val_results/result_table.table.json", "path": "media/table/val_results/result_table_1263_06202288891520585413.table.json", "ncols": 3, "nrows": 100}, "_wandb": {"runtime": 2530}}