{"train/total_loss": 3.3745148181915283, "train/iou_loss": 1.881805419921875, "train/l1_loss": 0.0, "train/conf_loss": 0.8664190769195557, "train/cls_loss": 0.6262903213500977, "train/lr": 0.0074737149737802, "train/step": 47876, "_timestamp": 1680807461.5495238, "_runtime": 40251.340681791306, "_step": 4759, "val/COCOAP50": 1.0, "val/COCOAP50_95": 0.904095620618997, "train/epoch": 50, "val_results/result_table": {"_type": "table-file", "sha256": "e3afd49df927abf4e2ae016b26ceec86ed68264243e877f8dc0ed918e097f5b3", "size": 35075, "artifact_path": "wandb-client-artifact://3f6d2dzmlsv9hfep17ijurdsj6ilfej80zxvuc06mbzl1gqnb1nofi4jpahip57hab9wr7tf7np9zf1jbwqum2jd5ok5evd0ya9i2tf4far8pdx19itdnznnhhb3fyse:latest/val_results/result_table.table.json", "_latest_artifact_path": "wandb-client-artifact://3f6d2dzmlsv9hfep17ijurdsj6ilfej80zxvuc06mbzl1gqnb1nofi4jpahip57hab9wr7tf7np9zf1jbwqum2jd5ok5evd0ya9i2tf4far8pdx19itdnznnhhb3fyse:latest/val_results/result_table.table.json", "path": "media/table/val_results/result_table_4469_e3afd49df927abf4e2ae.table.json", "ncols": 75, "nrows": 100}, "_wandb": {"runtime": 40246}}